name,price,shipping,free_returns,items_sold,status
Shop on eBay,2000,,False,,Brand New
Erasable Gel Pens - 8 Color,899,0,False,,Brand New
"Pilot Frixion Clicker Erasable Gel Pen, Assorted Ink, 3 per Pack (31467)",999,0,False,132,Brand New
"12 Packs Erasable Gel Pens, Fine Point, 0.7 mm Retractable Clicker Pens,Black US",999,0,True,,Brand New
"11452 Pilot Frixion Fineliner Marker Pen, Erasable Ink, Pack of 12 Colors",1250,0,False,,Brand New
10 Erasable Ballpoint Pen Refill - Black - Fine Point - Fit Pilot Frixion Click ,399,375,True,,Brand New
"12pcs Erasable Black Gel Ink Pens Fine Point, 0.7 mm Retractable Clicker Pens",999,0,True,,Brand New
Erasable Cute Cartoon Animal Pens Black Gel Ink Pens for Students (Pack of 26),739,0,False,55,Brand New
"Pilot FriXion Erasable Gel Pens, Fine Point, Black Ink, 3/Pack (31464)",999,0,False,,Brand New
"0.5mm Fine Point Erasable Gel Pens , Black, Pack of 12 School Kids Students Pen",999,0,True,,Brand New
12X 0.5mm Erasable Pens Magic Gel Pen School Office Supply,399,259,False,,Brand New
Erasable Ink Ballpoint Pen Medium Point for Quick Correction Black 12-Count,963,0,True,0,Brand New
"12 Packs Erasable Gel Pens, Fine Point, 0.7 mm Retractable Clicker Pens,Black US",959,39,True,,Brand New
"Pilot FriXion Ball Erasable Gel Pens, Fine Point, Black Ink  2 ea",554,0,False,,Brand New
12PCS Erasable Magic Gel Pen 0.5mm School Office Stationery Marker Supplies USA,699,229,True,0,Brand New
"31578 Pilot FriXion Point Erasable Gel Pen, 0.5mm Needle, Black Ink, Set of 3",949,0,False,130,Brand New
"Pilot Frixion Point Erasable Stick Gel Pen, Extra-Fine 0.5Mm, Black Ink, Black B",599,0,False,,Brand New
12 Pcs 0.5mm Erasable Pen Black Gel Ink Pens School Students Kids Stationery ^&,817,0,False,,Brand New
Pilot FriXion Clicker Erasable Gel Ink Retractable Pen Assorted Ink .5mm 7/Pack,1773,0,False,55,Brand New
"Pilot FriXion Ball 0.7mm Erasable Gel Pens, Fine Point, 3 Black Pens 3 Blue Pen",1499,0,False,,Brand New
"Erasable Gel Pens, Fine Point, Retractable Clicker Pens, Assorted Colors- 7 Pack",999,0,False,,Brand New
"12pcs Erasable Black Gel Ink Pens Fine Point, 0.5 mm Retractable Clicker Pens",999,0,True,,Brand New
"31556 Pilot FriXion Ball Erasable Gel Pen, Fine Pt 0.7mm, Black Ink, Set of 3",989,0,False,83,Brand New
"Pilot Frixion Clicker Erasable Gel Pens, Fine Point, Black Ink, 3 Pk - FREE SHIP",899,0,False,,Brand New
"Paper Mate Erasable Ballpoint Pen, 3 ea",505,0,False,,Brand New
New Listing12 Pcs/Set 0.5mm Erasable Pen Black Gel Ink Pens School Students Kids Stationery,759,0,False,,Brand New
"31585 Pilot FriXion Point Erasable Gel Pen, 0.5mm Needle, Pink Ink, Pack of 1",689,0,True,,Brand New
"Pilot Frixion Clicker Erasable Blue Gel Ink Pens, 3 Pens With 2 Pk of Refills",1499,0,False,52,Brand New
Pilot® FriXion RETRACTABLE Erasable CLICKER BLACK GEL PEN INK 31464 FINE 0.7MM,899,0,False,,Brand New
"Pilot Refill For Pilot Frixion Erasable, Frixion Ball, Frixion Clicker And Frixi",899,0,False,,Brand New
Pilot FriXion Erasable Ballpoint Pen Refill - Black - Fine Point - 2 Pack,665,0,True,107,Brand New
"Pilot FriXion Fineliner Erasable Marker Pen, Fine, Assorted, 5 Count",1299,0,False,,Brand New
4Pcs/set Rainbow Color Blue Ink Erasable Pen Office Ballpoint School Stationery,600,0,False,0,Brand New
4pcs Erasable Cute Cartoon Animal Pens Ballpoint Blue Ink Gel Pens for Students,639,0,False,,Brand New
"Pilot Frixion Clicker Erasable Gel Ink Pens, Fine Point, Assorted Colors, 10 Pk",1999,0,False,,Brand New
"31574 Pilot FriXion Point Erasable Gel Pen, 0.5mm Needle, Blue Ink, Pack of 1",599,0,False,36,Brand New
"~SALE~Pilot FriXion Ball Clicker 0.7 Retractable Erasable Ink Gel Pen,12ct Blue",2197,0,False,0,Brand New
"31477 Pilot FriXion Clicker RT Erasable Gel Pen, Fine 0.7mm, Navy Blue, 1 Each",649,0,False,,Brand New
"12461 Pilot FriXion Fineliner Erasable Marker Pen, Fine 0.6mm, Black, Pack of 4",999,0,False,0,Brand New
Mitsubishi Pencil erasable ballpoint pen Yuniboru RE 0.5 8 colors URN180058C,4361,1400,True,,Brand New
"Pilot FriXion Colors Erasable Marker Pen, Bold Point 2.5mm, Purple Ink, 12/Box",2299,0,False,,Brand New
" Pilot 31551 FriXion BAll Erasable Blue Gel Ink Pens, 3 Pens With 2 Pk Refill",1399,0,False,,Brand New
"Pilot FriXion Clicker Erasable Gel Pens, 0.7 mm, Black, Pack of 12",2999,0,False,,Brand New
Pilot FriXion Clicker Erasable Gel Pens in Blue - Pack of 6 - NEW,1995,0,True,0,Brand New
Pilot Frixion Clicker Erasable Black Gel Ink Pens Fine 0.7mm Retractable 6 pc,1495,0,True,,New – Open box
"31572 Pilot FriXion Ball Erasable Gel Pen, Fine Pt 0.7mm, Purple Ink, Pack of 1",689,0,False,,Brand New
"Pilot FriXion Point 0.5 mm Erasable Gel Pens, 6 Color Set In Plastic Pouch",1399,0,False,0,Brand New
"Pilot FriXion Fineliner Erasable Marker Pen, Fine Point, Assorted (12 Count)",1799,0,True,,Brand New
"Pilot 31552 FriXion Ball Erasable Red Gel Ink Pens, 3 Pens With 2 Pk of Refills",1399,0,False,0,Brand New
"Pilot FriXion Clicker Erasable Gel Pens, 1.0 mm, Black, Pack of 3 (11384)",999,0,False,,Brand New
"Pilot FriXion Clicker Pens 05 07 & 10, Black Erasable Gel Ink, Pack of 6 Pens",1499,0,False,0,Brand New
"Pilot FriXion Clicker Erasable Red Gel Ink Pens, 3 Pens With 2 Packs of Refills",1469,0,True,31,Brand New
Pilot FriXion Ball Color Sticks Erasable Gel Pens 5/Pkg Black 072838324412,1000,0,False,,Brand New
12 Pcs 0.5mm Erasable Pen Gel Ink Pens School Students Kids Stationery Black,699,0,False,,Brand New
"31575 Pilot FriXion Point Erasable Gel Pen, 0.5mm Needle, Red Ink, Pack of 1",689,0,False,,Brand New
12 Pcs 0.5mm Erasable Pen Gel Ink Pens School Students Kids Stationery Blue,799,0,False,75,Brand New
3 Pilot FriXion RETRACTABLE Erasable CLICKER BLACK GEL INK PEN FINE 0.5MM 13632,899,0,False,,Brand New
New (2) 3 Pk Pilot Refills FriXion Erasable Gel Ink Pen Refill Fine Pt .7mm Red ,1000,0,False,,Brand New
"Pilot FriXion Ball Color Sticks Erasable Gel Pens 5/Pkg Black, Bl 072838324436",942,0,False,,Brand New
12 [1dz] NEW PILOT FriXion Point 31574 Erasable Gel Blue Ink Pens Extra Fine pt,1799,0,True,,Brand New
"31469 Pilot FriXion Clicker RT Erasable Gel Pen, Fine Pt 0.7mm, Set of 3 Colors",999,0,False,0,Brand New
"Pilot FriXion Ball Erasable Gel Pen, 0.7mm Point, 8 Pack Pouch, 31569",1639,0,False,,Brand New
Pilot FriXion ColorSticks Erasable Gel Ink Pens Assorted 0.7 mm 10/Pack 32454,1789,0,False,,Brand New
Pilot Frixion Ball Color Sticks Blue Gel Ink Erasable 4 Pens  (LOC PEG 3LP),1399,0,False,,Brand New
Pilot FriXion RETRACTABLE Erasable CLICKER NAVY BLUE GEL PEN 31468 INK FINE .7MM,999,0,False,,Brand New
"Pilot FriXion Clicker 05 13573 Extra Fine Erasable Gel Ink Pens, 8 Pen Set",1899,0,False,0,Brand New
"Pilot FriXion Clicker Erasable Gel Ink Pens, 3 Pens With 2 Pk of Refills",1599,0,False,31,Brand New
"Pilot FriXion Fine Point Erasable Gel Pens, Assorted Colors 3 ea",635,0,False,,Brand New
Pilot Frixion Clicker Lot of 14 Pens Erasable Gel Ink Assorted Colors Fine 0.7mm,2495,0,True,,New – Open box
8PCS Plastic Erasable Gel Pens Fine Point Retractable Pens For Student,821,0,False,,Brand New
"Pilot FriXion Point 0.5 mm Erasable Gel Pens, 6 Color Set In Plastic Pouch",1100,399,False,,Brand New
"Pilot FriXion Clicker Erasable Gel Pens, 0.5 mm, Extra Fine Point, 3pk",999,0,False,,Brand New
"Pilot FriXion Fineliner Erasable Pen, Fine Point, 0.6mm, Red, 12 Count",1999,0,False,,Brand New
4Pcs/set Blue Ink Erasable Pen Office Ballpoint School Stationery Rainbow Color,600,0,False,,Brand New
Shop on eBay,2000,,False,,Brand New
12pcs 0.5mm Blue Erasable Pens Magic Gel Pen School Office Stationery US STOCK,999,159,True,,Brand New
24pcs 0.5mm Blue Erasable Pens Magic Gel Pen Rollerball Pens Ballpoint USA STOCK,1119,399,True,,Brand New
"Pilot Frixion Clicker Erasable Gel Ink Pens, Fine Point, Asst Colors, 8 Pk",2299,0,False,,Brand New
12pcs 0.5mm Erasable Pen Magic Gel Pen School Office Writing Supplies Stationery,567,529,True,,New – Open box
Pilot Frixion Clicker Lot of 14 Pens Erasable Gel Ink Assorted Colors Fine 0.7mm,2495,0,True,,New – Open box
8PCS Plastic Erasable Gel Pens Fine Point Retractable Pens For Student,821,0,False,,Brand New
"Pilot FriXion Point 0.5 mm Erasable Gel Pens, 6 Color Set In Plastic Pouch",1100,399,False,,Brand New
"Pilot FriXion Clicker Erasable Gel Pens, 0.5 mm, Extra Fine Point, 3pk",999,0,False,,Brand New
"Pilot FriXion Clicker 10 BOLD Point With Black Erasable Gel Ink, Pens & Refills",1699,0,False,,Brand New
"Pilot® FriXion Clicker Erasable Gel Pens Fine Point 0.7 mm, ASSORTED INKS 31469",899,0,False,,Brand New
"Pilot Frixion Erasable Gel Ink Retractable Pen 0.5mm White Barrel, Black Ink 6pk",1999,0,False,,Brand New
"Pilot FriXion Clicker 07 14210 0.7mm Fine Erasable Gel Ink Pens, 8 Color Set",1899,0,False,0,Brand New
"31550 Pilot FriXion Ball Erasable Gel Pen, Fine Pt 0.7mm, Black Ink, Pack of 1",689,0,False,0,Brand New
Mitsubishi Uni-ball RE R:E Erasable Gel-ink Rollerball Pen 0.5mm 8 Color Japan,1516,0,False,,Brand New
12pcs 0.5mm Erasable Pen Magic Gel Pen School Office Supplies Stationery Blue,568,439,True,,Brand New
4Pcs/set Rainbow color blue ink Erasable Pen Office Ballpoint School Stationery,657,0,False,,Brand New
"31573 Pilot FriXion Point Erasable Gel Pen, 0.5mm Needle, Black Ink, Pack of 12",2399,0,False,0,Brand New
"31475 Pilot FriXion Clicker RT Erasable Gel Pen, Fine 0.7mm, Blue, Pack of 1",689,0,False,,Brand New
12pcs 0.5mm Erasable Pen Gel Pen School Office Student Stationery Blue Ink USA,999,0,False,,Brand New
Pilot Frixion Capped Erasable Black Gel Ink Pens Fine 0.7mm Retractable 6 pc,1495,0,True,,New – Open box
"""9 Refills"" for ""PILOT FRIXION BALL BLUE"" Erasable Ballpoint Pen 0.7mm",1300,0,True,,Brand New
"31556 Pilot FriXion Ball Erasable Gel Pen, Fine Pt 0.7mm, Black Ink, Set of 3",925,0,False,,Brand New
"Pilot FriXion Clicker Erasable Gel Pens, Fine Point, Asst Ink, 5 Pk, 323981061",1599,0,False,0,Brand New
4 Pilot® FriXion Clicker Erasable Gel Pens Fine 0.7 mm ASSORTED INKS RED BLUE BK,999,0,False,,Brand New
"PILOT FriXion Gel Ink Refills for Erasable Pens, Fine Point, Navy Ink, 2-Pack (7",599,0,False,,Brand New
"Pilot FriXion Ball Erasable Fine Gel Pens, 4/Pack, Blue & Black Ink, 4 Packs",3799,0,False,,Brand New
"Paper Mate 3930158 EraserMate Erasable Pen, Medium Point, Black, 12-Count",1238,0,True,0,Brand New
"Pilot FriXion Ball Clicker 0.7 Retractable Erasable Blue Gel Ink Pen, Box of 12",2499,0,False,0,Brand New
4Pcs/set Rainbow color blue ink Erasable Pen Office Ballpoint School Stationery,564,0,False,0,Brand New
4Pcs/set Iridescent Blue Ink Erasable Pen Office Ballpoint Pen School Stationery,600,299,False,0,Brand New
MUJI ERASABLE fine smooth black ballpoint pen 0.5mm 3sets made in Japan Import,1697,0,False,,Brand New
Pilot FriXion Fineliner Erasable Marker Pens - Fine Pen Point - 0.6 mm Pen Point,1597,0,False,,Brand New
"31573 Pilot FriXion Point Erasable Gel Pen, 0.5mm Needle, Black Ink, Pack of 1",681,0,False,,Brand New
"Pilot FriXion Clicker Erasable Black Gel Ink Pens, 3 Pens With 2 Pk of Refill",1799,0,False,,Brand New
"""PILOT FRIXION BALL KNOCK BLACK"" Erasable Ballpoint Pen 0.7mm & 6Refills",1200,0,True,0,Brand New
"Pilot FriXion Ball Clicker Erasable White Pen, Black Gel Ink 2 PACKS",1299,0,True,,Brand New
"Pilot 31574 Blue FriXion Point 0.5mm Extra Fine Erasable Gel Ink Pen, Box of 12",2299,0,True,,Brand New
Pilot Erasable Gel Pen FriXion Ball Fine Point 0.7mm #31553 1 Pack 2 Pens,829,0,False,,Brand New
"PILOT FriXion Clicker Erasable, Gel Ink Pens, Fine Point, Assorted Ink, 3 Pack",1199,0,False,,Brand New
Black White Board Marker Dry Pen With Eraser Easy Wipe Price  Low,101,0,False,,Brand New
12Pcs 0.5mm Erasable Pen Black Gel Ink Roller Ball Pens Set School Kids Students,999,0,True,,Brand New
"Pilot Frixion Ball Clicker 0.7 Retractable Erasable Purple Gel Ink Pen, Bx of 12",2499,0,False,0,Brand New
Pilot FriXion 7-Pack Fine Point Gel Pen Ball Clicker Erasable Ink Pens Color Set,1000,600,False,,Brand New
"Pilot FriXion Clicker 07 Purple Erasable Gel Ink Pens, 6 Pens with 4 Refills",1999,0,False,,Brand New
"Pilot FriXion Clicker 05 Extra Fine Point Black Erasable Gel Ink, Pack of 6 Pens",1499,0,False,,Brand New
"Pilot FriXion Fineliner, 0.6mm Fine, 6 Erasable Marker Pens #FXFC6001",1399,0,True,0,Brand New
"12pcs Erasable Black Gel Ink Pens Fine Point, 0.7 mm Retractable Clicker Pens US",999,0,True,,Brand New
12 Pcs/Set 0.5mm Erasable Pen Black Gel Ink Pens School Students Kids Stationery,799,0,False,130,Brand New
3 Pilot FriXion RETRACTABLE Erasable CLICKER BLACK GEL INK PEN FINE 0.5MM WHITE,899,0,False,,Brand New
Erasable Cute Cartoon Animal Pens Black Gel Ink Pens for Students (Pack of 26),739,0,False,,Brand New
"12x Erasable Gel Pens, Fine Point, 0.5 mm Retractable Clicker Pens,Black",999,0,True,,Brand New
"Paper Mate Erasable Ballpoint Pen, 3 ea (Pack of 2)",932,0,False,,Brand New
12pcs 0.5mm Erasable Pen Black Gel Ink Pens Set School Students Stationery Kit,391,459,False,,Brand New
NIP Pilot Friction Ball Erasable Color Sticks Pen 4 CT .7mm BLACK,800,560,False,0,Brand New
"Pilot FriXion Ball Knock Retractable Erasable Gel Ink Pens, Extra Fine Point ...",1896,0,False,,Brand New
Pilot Frixion Ball 4 Click Retractable 4 Color Gel Ink Erasable Murti Pen 0.5...,1320,0,False,,Brand New
"""9 Refills"" for ""PILOT FRIXION BALL BLACK"" Erasable Ballpoint Pen 0.7mm",1300,0,True,,Brand New
Lot of 10 Blue Paper Mate Eraser MAX Replay Pen. Medium point 1.0 mm PaperMate,999,349,False,,Brand New
"Pilot FriXion Clicker 05 Extra Fine Point Blue Erasable Gel Ink, Pack of 6 Pens",1499,0,False,0,Brand New
2 pks. New BIC Intensity Fineliner Marker Pen Fine Point 0.4 mm Assorted Colors,900,0,False,0,Brand New
"Pilot FriXion Fineliner Erasable Pen, Fine, 0.6mm, Black, 12 Count",1999,0,False,,Brand New
"12pcs Erasable Black Gel Ink Pens Fine Point, 0.5 mm Retractable Clicker Pens",999,0,True,,Brand New
Pilot G2 Premium Gel Pens 0.7mm (Black) 12-pack + 1 Frixion Erasable Pen NEW,1499,585,False,0,Brand New
Erasable Gel Pens 26 Colors Lineon Retractable Erasable Pens Clicker Fine Point,2100,610,False,,Brand New
"PILOT FriXion Gel Ink Refills for Erasable Pens, Fine Point, Black Ink, 3-Pa …",820,0,True,,Brand New
"ParKoo Retractable Erasable Gel Pens Clicker, Fine Point, Make Mistake Disapp...",1499,0,True,,Brand New
"Pilot FriXion Fineliner Erasable Marker Pens, Black, 0.6 Fine pt, 3 pcs, #12144",999,0,True,,Brand New
"Box of 12, Pilot 31550 FriXion Erasable  Black Gel Ink Pen With 2 Pk of Refills",2699,0,False,0,Brand New
"Bic 4-Color, 3+1 Ball Pen and Pencil, with Leads and Erasers 1 Pen",1099,0,True,0,Brand New
"Pilot FriXion Clicker 07 11336 Retractable Erasable Gel Ink Pens, 10 Color Set",2199,0,False,,Brand New
"11452 Pilot Frixion Fineliner Marker Pen, Erasable Ink, Pack of 12 Colors",1999,0,False,30,Brand New
"Pilot FriXion Clicker Erasable Gel Pens, 0.7 mm, Red, Pack of 12 Free Shipping",2499,0,False,,Brand New
Pilot FriXion Fineliner Erasable Marker Pens - Fine Pen Point - 0.6 mm Pen Point,1597,0,False,,Brand New
Shop on eBay,2000,,False,,Brand New
"Pilot Frixion Clicker Erasable Retractable Gel Pen, Fine 0.7Mm, Blue Ink, Blue B",759,0,False,,Brand New
12PCS Erasable Gel Pen 0.5mm School Office Student Stationery Supplies US Stock,837,299,False,,Brand New
Vtg Scripto Erasable Red Ink Pen Color Medium Point NWOT NOS Made in USA Works!,819,560,True,,New – Open box
"Pilot FriXion Retractable Erasable Gel Pen, Extra Fine Point, Red Ink, Each",597,0,False,,Brand New
"Pilot Frixion Clicker Erasable Gel Pen, 3 Pack + Refills (31467)",1699,0,False,,Brand New
Pilot G2 Retractable Gel Ink Pens. Pack of 10. W/ Fricion ERASABLE Bonus Pen,999,425,False,,Brand New
"Pilot FriXion Ball Slim 038 Retractable Erasable Gel Ink Pen, Extra Fine Poin...",3398,0,False,0,Brand New
Pilot Frixion Color Sticks Erasable Gel Pens 5Pk Assorted Colors 2408996,1243,0,False,,Brand New
"Pilot FriXion Ball 0.7mm Erasable Gel Pens, Fine Point, Red Ink, Pack Of 3",999,0,False,,Brand New
New Listing4x BIC Intensity Fineliner Marker Pen 6 count Fine Point 0.4mm Tips Multi-Color,2249,0,False,,Brand New
Pilot FriXion Clicker Retractable Erasable Gel Pen in Blue - NEW - P31451-SINGLE,793,0,True,,Brand New
"2 PILOT FriXion Gel Ink Refills for Erasable Pens Fine Point, Red Ink, 6 - Pack",999,160,False,,Brand New
"Pilot Frixion Clicker Erasable Gel Pen, Assorted Ink, 3 per Pack (31467) USA",999,0,False,,Brand New
"Pilot FriXion Erasable Retractable Gel Pen, 0.7 mm, Burgundy Ink, DZ (PIL15131)",3440,0,False,,Brand New
"Pilot FriXion 0.7mm Erasable Gel Pens, Fine Point, 3 Black Pens & 3 Blue Pe",1499,0,False,,Brand New
4Pcs/set Rainbow color blue ink Erasable Pen Office Ballpoint School Stationery,563,0,False,,Brand New
Pilot Frixion Clicker Erasable Roller Pens Fine Tip .7mm 7 Pack Assorted Colors,1499,0,True,,New – Open box
"Pilot FriXion Clicker Erasable Navy Gel Ink Pens, 3 Pens with 3 Packs of Refills",1599,0,False,0,Brand New
Filofax Clipbook Erasable Ballpoint Pen Rose Gold - 149003,1639,425,False,0,Brand New
Pilot FriXion Pens 0.7mm Erasable Gel Ball Fine Point BC31582 Pack of 6,1119,0,True,,Brand New
"0.5mm Fine Point Erasable Gel Pens , Black, Pack of 12 School Kids Students Pen",999,0,True,,Brand New
"Pilot FriXion Clicker Erasable Gel Pens, 1.0 mm, Black, Pack of 12",2999,0,False,,Brand New
"31475 Pilot FriXion Clicker RT Erasable Gel Pen, Fine 0.7mm, Blue, Pack of 12",2330,0,False,0,Brand New
1 Bic 4 Color Mechanical Pencil & Ball Pen Medium #2 HB with eraser New!!,1489,0,False,,Brand New
"Pilot Frixion Fineliner Erasable Marker Pens, 4 pack, Fine, Assorted (12478)",599,476,True,,Brand New
New 2 Pack Pilot Frixion Ball Clicker Fine 0.7mm Black Gel Ink Erasable & Refill,1495,0,True,,Brand New
8PCS Plastic Erasable Gel Pens Fine Point Retractable Clicker For Student E5H4,763,0,False,,Brand New
"31477 Pilot FriXion Clicker RT Erasable Gel Pen, Fine 0.7mm, Navy Blue, 6 Each",1599,0,False,0,Brand New
4Pcs/set Rainbow color blue ink Erasable Pen Office Ballpoint School Stationery,600,0,False,,Brand New
4Pcs/set Rainbow color blue ink Erasable Pen Office Ballpoint School Stationery,657,0,False,,Brand New
12PCS 0.5mm Erasable Pen Magic Gel Pen School Office Writing Supplies Pen Marker,484,589,True,,New – Open box
"Pilot Frixion Clicker Erasable Retractable Gel Pen, Fine 0.7Mm, Red Ink, Red Bar",597,0,False,,Brand New
"Pilot FriXion Ball Knock Retractable Erasable Gel Ink Pens,Fine Point, - 0.5m...",1203,0,False,,Brand New
PILOT FriXion ColorSticks 5pk Erasable Gel Ink Pens 0.7mm Fine Blue Purple Green,1288,0,False,,Brand New
"PILOT FriXion Fineliner Erasable Marker Pens, Fine Point, Assorted Classic Color",1191,0,True,,Brand New
Pilot Frixion Clicker Erasable Refillable Retractable Gel Ink Pens Fine Poin 3Pk,984,0,False,0,Brand New
Pilot Frixion Erasable marker pens (6 pc) Fashion Assorted Made in Japan 5+1 mix,199,560,False,,Pre-Owned
12 Pcs/Set 0.5mm Erasable Pen Blue Gel Ink Pens School Kids Students Stationery,799,0,False,0,Brand New
"Pilot Frixion Colorsticks Erasable Stick Gel Pen, 0.7Mm, Assorted Ink/Barrel, 10",2849,0,False,,Brand New
Pilot FriXion Biz Erasable Gel Ink Pen Rubber Replacement,367,3000,False,0,Brand New
12Pcs 0.5mm Erasable Pen Black Gel Ink Roller Ball Pens Set School Kids Students,999,0,True,,Brand New
12pc Erasable Pen Magic Gel Pen 0.5mm School Office Stationery Supplies Blue USA,879,299,True,,Brand New
Erasable Pen Blue Color 27 refill Office Writing Ballpoint School Stationery ,974,0,False,,Brand New
Filofax Clipbook Erasable Ballpoint Pen White - 149113,1639,425,False,,Brand New
"31556 Pilot FriXion Ball Erasable Gel Pen, Fine Pt 0.7mm, Black Ink, 2 Sets of 3",1368,0,False,,Brand New
"Pilot FriXion Fineliner Erasable Marker Pens, Red, 0.6mm Fine pt,  3 pcs, #12174",999,0,True,0,Brand New
"PILOT FriXion Gel Ink Refills for Erasable Pens, Fine Point, Red Ink, 3-Pack",100,560,False,,Brand New
12 packs Black Erasable Gel Pens Fine Point 0.7 mm Retractable Clicker Pens,999,0,True,,Brand New
"Pilot Frixion Ball Clicker 0.7 Retractable Erasable Black Ink Gel Pen, Box of 12",2495,0,False,,Brand New
Pilot FriXion Clicker Erasable Gel Ink Pens 2 - Pack ,599,590,False,,Brand New
"""PILOT FRIXION BALL KNOCK BLUE"" Erasable Ballpoint Pen 0.7mm & 6Refills",1200,0,True,,Brand New
Brand New BIC Intensity Fineliner Marker Pen Fine Point 0.4 mm Assorted Colors,695,0,False,,Brand New
10 Pack Retractable Erasable Gel Pens Clicker Assorted Color Inks Fine Point,1716,0,True,0,Brand New
"ParKoo Retractable Erasable Gel Pens Clicker, Fine Point, No Need for White O...",1499,0,True,,Brand New
PILOT Frixion Clicker Pen Assortment Erasable/Retractable/Refillable (7 PACK),1999,0,True,,Brand New
"Pilot FriXion Fineliner Erasable Marker Pens, Blue, 0.6 Fine pt, 3 pcs,  #12147",999,0,True,0,Brand New
"Uni Erasable Knock Ballpoint Pen, Uni-Ball R:E, 8 color assorted (URN180058C)",1801,0,False,,Brand New
"Uni Erasable Knock Ballpoint Pen, Uni-Ball R:E",796,0,False,,Brand New
Pilot Frixion Clicker Erasable Black Red Blue 6pk Gel Ink Pens Fine 0.7mm,1495,0,True,,New – Open box
Pilot FriXion Point Erasable Gel Pens Extra Fine Point Assorted Ink 324192,1505,0,False,,Brand New
Pilot® FriXion RETRACTABLE Erasable CLICKER BLACK GEL PEN 31464  FINE 0.7MM ,1475,0,False,,Brand New
"Pilot FriXion Clicker Erasable Gel Ink Pen, 0.7mm, Black, Fine, 3 pc., #31474",1150,0,True,0,Brand New
"Collectible,Pens,Paper Mate,Eraser Mate,Medium Point Pens,Black (Pack of 5),NOS",800,400,False,,Brand New
"31572 Pilot FriXion Ball Erasable Gel Pen, Fine Pt 0.7mm, Purple Ink, Pack of 6",1599,0,False,,Brand New
New PILOT FRIXION FINELINER ERASABLE MARKER PENS BLACK 12 Pack,2244,0,True,,Brand New
PILOT FriXion Erasable Gel Pens - Assorted Colors - 10 Pens # 32454 - BRAND NEW!,1279,485,False,,Brand New
"Pilot FriXion Ball Erasable Ink Gel Pens 8 Pack 0.7mm Point, 13148 Assorted Inks",1699,0,False,,Brand New
BIC Intensity Fineliner Marker Pen Lot Of 2 - 12 Pens - 0.4mm Fine,1200,0,False,,Brand New
Erasable Pen Multi Color refill Office Writing Ballpoint School Stationery,622,0,False,,Brand New
Cartoon erasable and easy to wipe gel pen 0.35mm plastic pen signing statio L4I6,137,0,False,,Brand New
Pilot FriXion Fineliner Fine Pt. Erasable Marker Pen 4/Pkg Assort 072838124784,1040,0,False,,Brand New
"Pilot Frixion Ball Knock Retractable Erasable Gel Ink Pens,fine Point, 0.5mm ...",1371,0,False,,Brand New
Pilot FriXion Ball Erasable Gel Pens Fine 755946,1198,0,False,,Brand New
"PILOT Frixion Clicker Erasable, Gel Ink Pens, Fine Point 7-Pack Pouch (31472)",2999,0,False,,Brand New
BIC Intensity Fineliner Color Collection FINE 0.4mm 6 Ct New,1237,0,True,,Brand New
Shop on eBay,2000,,False,,Brand New
"Pilot FriXion ColorSticks Erasable Gel Ink Pen, Assorted Ink, 5 Pens (PIL32442)",1489,0,False,,Brand New
"Pilot FriXion Clicker Retractable Erasable Gel Pen, 0.5mm, Light Green Ink",597,0,False,,Brand New
"FriXion ColorSticks Erasable Gel Ink Pens, Assorted, 0.7 mm, 10/Pack (PIL32454)",1983,0,False,,Brand New
"Pilot FriXion Clicker 0.7mm,Erasable Gel Pens, Fine Point, Black Ink, Pack Of 6",1399,200,False,,Brand New
"12 packs Erasable Gel Pens, Fine Point, 0.7 mm Retractable Clicker Pens Black",999,0,True,,Brand New
"Paper Mate Erasable Ballpoint Pen, 3 ea (Pack of 4)",1559,0,False,,Brand New
4Pcs/set Rainbow color blue ink Erasable Pen Office Ballpoint School Stationery,600,0,False,,Brand New
Filofax Clipbook Erasable Ballpoint Pen Black - 149000,1639,395,False,0,Brand New
"Pilot FriXion Clicker 07 13285 Retractable Erasable Gel Ink Pens, 8 Color Set",1979,0,False,,Brand New
"31572 Pilot FriXion Ball Erasable Gel Pen, Fine Pt 0.7mm, Purple Ink, Pack of 12",2634,0,False,0,Brand New
"Pilot FriXion Clicker Retractable Erasable Gel Ink Pens, 8 Color Set PLUS 1 FREE",1699,0,False,0,Brand New
"31585 Pilot FriXion Point Erasable Gel Pen, 0.5mm Needle, Pink Ink, Pack of 12",2307,0,False,0,Brand New
Frixion Ball Erasable Gel Pens 3/Pkg-Black 072838315564,869,0,False,,Brand New
3 set Plt  FrXn Clicker RT Erasable Gel Pen 0.5mm Red Blue Black 3 Free Refill,269,3989,False,,Brand New
12PCS Erasable Magic Gel Pen 0.5mm School Office Student Stationery Supplies US,940,99,True,,Brand New
"Pilot Fixion Point Erasable Gel Pens, Extra Fine Point, Assorted, 6/Pack",1499,0,False,,Brand New
"Pilot Frixion Clicker Erasable Gel Pen, Assorted Ink, 3 per Pack (31467), Black/",848,0,False,,Brand New
"Retractable Erasable Gel Pens Clicker Fine Point, 0.7mm, Assorted Color Ink for",1427,0,False,0,Brand New
"Pilot FriXion Ball Slim 038 Retractable Erasable Gel Ink Pen, Extra Fine Poin...",1756,0,False,,Brand New
FriXion ColorSticks Erasable Gel Ink Pen (072838324542),3120,0,True,,Brand New
Erasable Ink Ballpoint Pen Medium Point for Quick Correction Black 12-Count,1063,0,False,,Brand New
New PILOT FRIXION FINELINER ERASABLE MARKER PENS 6 Pack Assorted,1337,0,True,,Brand New
"Pilot Frixion Clicker Erasable Pen, Fine, 0.7 mm, Assorted Gel ink. 5 pack 13989",1527,0,True,,Brand New
"Vanstek 22 Colors Retractable Erasable Gel Pens Clicker, Fine Point(0.7), Make",3090,0,True,0,Brand New
Pilot FriXion Ball Erasable Gel Pens Fine 722395,1180,0,False,,Brand New
Pilot FriXion Fineliner Fine Pt. Erasable Marker Pen 4/Pkg Black 072838124616,1040,0,False,,Brand New
"Pilot FriXion Ball Slim Retractable Erasable Gel Ink Pens, Extra Fine Point, ...",3282,0,False,0,Brand New
 Pilot FriXion Ball Clicker Erasable Fine Point Pens 8/Pkg Assorte 072838132857,1699,550,False,,Brand New
"Frixion Clicker Erasable Retractable Gel Pen, 0.5Mm, Blue Ink/Barrel, Dozen",2897,0,False,,Brand New
1 PACK BIC Intensity Fineliner Marker Pen Fine Point 0.4 mm  Assorted Colors,1299,0,False,,Brand New
"ParKoo Retractable Erasable Gel Pens Clicker, Fine Point 0.7mm, Assorted Color ",1699,0,False,0,Brand New
"Pilot FriXion Ball 0.7mm Erasable Gel Pens, Fine Point, 3 Black Pens  3 Blue Pen",1499,0,False,,Brand New
"Pilot FriXion Clicker Erasable Gel Ink Pen, Fine Point 0.7, Black, 3 Pack",850,0,False,,Brand New
Erasable Ink Ballpoint Pen Medium Point for Quick Correction Black 12-Count,1010,0,False,,Brand New
Filofax Clipbook Erasable Ballpoint Pen Rose - 149105,1639,395,False,0,Brand New
"New ListingParKoo Retractable Erasable Gel Pens Clicker Fine Point 0.7 mm, No Need for Whit",2845,0,True,,Brand New
Pilot FriXion Colors Bold Point Erasable Marker Pen 6/Pkg-Assorted Colors,1299,0,False,0,Brand New
12x 0.5mm Erasable Pen Black Gel Ink Roller Ball Pens School Kids Stationery Set,999,0,True,,Brand New
"Pilot FriXion Erasable Gel Ink Pen, Fine, Assorted Ink, 10 Pens (PIL32456)",2064,0,False,,Brand New
Pilot FriXion Erasable Gel Pens - 0.7 mm Pen Point Size - Red Gel-based Ink - Re,2997,0,False,,Brand New
"Pilot Frixion Ball Knock Retractable Erasable Gel Ink Pens,fine Point, - 0.5 ...",1717,0,False,,Brand New
8PCS Plastic Erasable Gel Pens Fine Point Retractable For Student Pens Z6C3,798,0,False,,Brand New
Filofax Clipbook Saffiano Fluoro Erasable Ballpen Pink - 149110,1639,425,False,0,Brand New
4Pcs/set Office Ballpoint School Stationery Rainbow color blue ink Erasable Pen,600,0,False,,Brand New
Erasable Ink Ballpoint Pen Medium Point for Quick Correction Black 12-Count,1299,0,True,0,Brand New
1pcs Black White board Marker Dry Pen With Eraser Easy Wipe Price Low Black Lid,108,0,False,51,Brand New
Pilot FriXion Fine Point Clicker Erasable Pen Open Stock Blue 072838314758,3137,0,False,,Brand New
"Pack of 3, Pilot Frixion Clicker Erasable & Retractable Fine 0.7mm Gel Pen Black",950,0,False,,Brand New
Filofax Clipbook Erasable Ballpoint Pen Orchid - 149106,1639,395,False,0,Brand New
Filofax Clipbook Saffiano Fluoro Erasable Ballpen Blue - 149112,1639,395,False,0,Brand New
"Pilot FriXion Clicker Erasable Blue Gel Ink Pens, 12 Pens With 2 Pk of Refills",2899,0,False,,Brand New
"Pilot FriXion Ball Knock Retractable Erasable Gel Ink Pens, Extra Fine Point ...",1603,0,False,,Brand New
"Pilot Frixion Clicker Erasable Gel Pen, Assorted Ink, 3 per Pack Free Shipping",949,0,True,0,Brand New
"cobee Pen-Style Eraser Set, 5 Retractable Click Eraser Pen Shells with 5 Erasers",1072,0,True,0,Brand New
"Pilot FriXion Clicker 07 Pens & Refills, Green Erasable Gel Ink, 0.7mm Fine Pt.",1499,0,False,,Brand New
"Pilot FriXion Ball Color Sticks Erasable Gel Pens 5/Pkg 2 Black,  072838324429",993,0,False,,Brand New
12 pcs Luxury Erasable 0.5mm Gel Pen Blue ink Slim Ballpoint Writing Tool Supply,1019,398,False,,Brand New
PILOT FRIXION BALL 3 Metal Gradation 0.5mm Erasable Ballpoint Pen Violet Japan,2499,0,False,0,Brand New
Huge Pen And Pencil Lot Pilot Paper Mate Eraser Tull Bic Gel Roller Zebra,2499,999,False,,Pre-Owned
Erasable Ink Ballpoint Pen Medium Point for Quick Correction Black 12-Count,1003,0,True,,Brand New
"31552 Pilot FriXion Ball Erasable Gel Pen, Fine Pt 0.7mm, Red Ink, Pack of 12",2633,0,False,0,Brand New
"Pilot FriXion Clicker Erasable Black Gel Ink Pens, 12 Pens With 2 Pk of Refills",2859,0,False,,Brand New
Pilot FriXion Clicker 05 Extra Fine Point Black Erasable Gel Ink Pens & Refills,1699,0,False,,Brand New
"PILOT FriXion Ball Erasable Gel Ink Stick Pens, Fine Point, Blue Ink, 12-Pk ",2999,0,False,14,Brand New
New 10 PCS Pilot FriXion ColorSticks Erasable Gel Ink Pens Assorted 0.7 mm 32454,1450,285,True,,Brand New
"31482 Pilot FriXion Clicker RT Erasable Gel Pen, Fine 0.7mm, Turquoise, 12 Each",2940,0,False,0,Brand New
PILOT FriXion Ball 4 0.5mm Erasable Ballpoint Pen - Champagne Gold Body,1285,2480,False,0,Brand New
Erasable Ink Ballpoint Pen Medium Point for Quick Correction Black 12-Count,1262,0,False,,Brand New
"PILOT FriXion Fineliner Erasable Marker Pens, Fine Point, Assorted Color Inks",1450,0,True,,Brand New
"Pilot Frixion Ball slim Retractable Erasable Gel Ink Pens,fine Point, 0.38 Mm...",1029,0,False,,Brand New
"31552 Pilot FriXion Ball Erasable Gel Pen, Fine Pt 0.7mm, Red Ink, Pack of 1",798,0,False,,Brand New
8PCS Plastic Erasable Gel Pens Fine Point Retractable Clicker Pens For Student ,768,0,False,,Brand New
"Paper Mate Eraser Mate Medium Point Pens, Black Pack Of 4",695,525,True,,Brand New
Vintage unused Erasermate 1970's TW-200 Erasable Pen,1990,685,False,,New – Open box
"Pilot FriXion Clicker Erasable Gel Ink Retractable Pen, .7mm, Dozen (PIL31451)",2697,0,False,,Brand New
